,City Name,Lat,Lng,Max Temp,Humidity,Cloudiness,Wind Speed,Country,Date
0,pennagaram,12.13,77.9,74.98,83,100,2.44,IN,1601315361
1,beringovskiy,63.05,179.32,37.56,74,87,6.58,RU,1601315361
2,castro,-24.79,-50.01,78.37,60,96,14.18,BR,1601315361
3,atuona,-9.8,-139.03,77.92,72,3,15.26,PF,1601315361
4,kolondieba,11.09,-6.89,82.99,64,66,1.86,ML,1601315361
5,shaunavon,49.65,-108.42,59.05,34,69,14.81,CA,1601315361
6,labuhan,-6.88,112.21,78.75,77,99,10.36,ID,1601315211
7,lengshuijiang,27.69,111.43,66.34,91,100,0.76,CN,1601315362
8,bredasdorp,-34.53,20.04,53.6,81,0,11.41,ZA,1601315362
9,kapoeta,4.77,33.59,84.49,47,83,2.77,SS,1601315362
10,eskilstuna,59.37,16.51,55.4,87,75,10.29,SE,1601315200
11,punta arenas,-53.15,-70.92,42.8,48,40,20.8,CL,1601315363
12,vao,-22.67,167.48,67.44,89,100,23.29,NC,1601315125
13,kapaa,22.08,-159.32,78.8,83,75,10.29,US,1601315363
14,kruisfontein,-34.0,24.73,55.99,67,0,3.0,ZA,1601315363
15,busselton,-33.65,115.33,54.0,80,75,12.44,AU,1601315364
16,vanimo,-2.67,141.3,77.45,82,92,4.61,PG,1601315364
17,doha,25.29,51.53,93.2,75,0,9.17,QA,1601315321
18,vaini,-21.2,-175.2,71.6,94,20,3.36,TO,1601315092
19,albany,42.6,-73.97,78.01,76,94,11.48,US,1601315364
20,mitsamiouli,-11.38,43.28,77.14,76,25,10.74,KM,1601315364
21,ushuaia,-54.8,-68.3,37.4,64,75,11.41,AR,1601315143
22,kjollefjord,70.95,27.35,44.6,87,20,4.7,NO,1601315364
23,ahipara,-35.17,173.17,56.43,76,20,17.18,NZ,1601315365
24,bandarbeyla,9.49,50.81,77.63,82,0,20.36,SO,1601315365
25,nanortalik,60.14,-45.24,36.64,74,0,15.32,GL,1601315365
26,hasaki,35.73,140.83,64.0,93,20,5.82,JP,1601315365
27,ballina,-28.87,153.57,57.2,82,75,7.2,AU,1601315365
28,turan,16.07,108.22,82.4,83,20,2.24,VN,1601315237
29,ancud,-41.87,-73.82,48.76,95,100,16.17,CL,1601315366
30,hermanus,-34.42,19.23,54.0,90,11,10.54,ZA,1601315366
31,bambous virieux,-20.34,57.76,73.4,83,75,6.93,MU,1601315233
32,saint-philippe,-21.36,55.77,73.4,78,40,3.36,RE,1601315366
33,cape town,-33.93,18.42,55.99,82,40,6.93,ZA,1601315157
34,martinsburg,39.46,-77.96,84.0,54,1,4.7,US,1601315359
35,nikolskoye,59.7,30.79,54.0,76,40,6.71,RU,1601315367
36,marzuq,14.4,46.47,79.95,55,88,6.67,YE,1601315367
37,chuy,-33.7,-53.46,64.06,58,13,12.08,UY,1601315136
38,phan thiet,10.93,108.1,77.14,88,100,7.58,VN,1601315367
39,mar del plata,-38.0,-57.56,59.0,58,20,13.87,AR,1601315367
40,palana,59.12,159.97,39.45,73,100,4.12,RU,1601315367
41,new norfolk,-42.78,147.06,46.99,88,31,1.72,AU,1601315234
42,ribeira grande,38.52,-28.7,73.4,78,40,11.41,PT,1601315368
43,severka,56.87,60.3,46.4,100,29,1.74,RU,1601315368
44,ponta do sol,32.67,-17.1,73.99,69,40,12.75,PT,1601315368
45,aklavik,68.22,-135.01,37.4,100,90,9.17,CA,1601315368
46,tuktoyaktuk,69.45,-133.04,35.6,100,90,8.05,CA,1601315085
47,dikson,73.51,80.55,37.24,95,100,26.08,RU,1601315368
48,san patricio,19.22,-104.7,91.4,75,20,9.17,MX,1601315142
49,khanewal,30.3,71.93,86.0,55,0,3.62,PK,1601315369
50,hithadhoo,-0.6,73.08,83.91,68,86,8.63,MV,1601315369
51,qaanaaq,77.48,-69.36,14.58,80,0,8.9,GL,1601315369
52,akyab,20.15,92.9,81.84,87,100,4.81,MM,1601315369
53,mataura,-46.19,168.86,36.0,71,100,21.0,NZ,1601315369
54,petropavlovsk-kamchatskiy,53.05,158.65,46.4,75,75,6.71,RU,1601315370
55,merauke,-8.47,140.33,78.3,84,100,16.11,ID,1601315370
56,pierre,44.37,-100.35,60.01,47,75,23.04,US,1601315370
57,raudeberg,61.99,5.14,57.0,87,83,15.64,NO,1601315370
58,kahului,20.89,-156.47,75.99,73,1,8.55,US,1601315370
59,joao pinheiro,-17.74,-46.17,98.78,13,9,4.41,BR,1601315370
60,tuatapere,-46.13,167.68,36.0,71,99,21.0,NZ,1601315371
61,jamestown,42.1,-79.24,73.99,68,75,14.99,US,1601315201
62,saskylakh,71.92,114.08,31.44,98,100,19.91,RU,1601315173
63,salto,-31.38,-57.97,72.0,28,0,8.05,UY,1601315291
64,billings,45.78,-108.5,61.0,35,40,12.75,US,1601315201
65,pevek,69.7,170.31,34.95,85,0,12.24,RU,1601315371
66,pavlogradka,54.2,73.56,50.74,92,34,7.52,RU,1601315371
67,hilo,19.73,-155.09,73.4,73,20,5.82,US,1601315346
68,bluff,-46.6,168.33,36.0,71,97,21.0,NZ,1601315081
69,tricase,39.93,18.36,72.0,60,20,15.28,IT,1601315371
70,arraial do cabo,-22.97,-42.03,84.2,65,20,6.93,BR,1601315371
71,rikitea,-23.12,-134.97,74.82,79,3,6.35,PF,1601315372
72,georgetown,5.41,100.34,78.8,88,20,3.36,MY,1601315372
73,karratha,-20.74,116.85,71.78,27,2,16.46,AU,1601315126
74,upernavik,72.79,-56.15,27.93,95,99,11.79,GL,1601315372
75,kuching,1.55,110.33,77.0,88,20,2.24,MY,1601315372
76,la libertad,-2.23,-80.9,73.4,73,75,9.17,EC,1601315372
77,sao joao da barra,-21.64,-41.05,87.8,58,45,6.93,BR,1601315372
78,khorixas,-20.37,14.97,63.43,27,0,11.34,NA,1601315372
79,bucerias,20.75,-105.33,86.0,79,90,4.7,MX,1601315372
80,miyako,39.64,141.95,55.49,79,0,4.56,JP,1601315373
81,outjo,-20.12,16.15,71.31,17,0,15.68,NA,1601315373
82,kaitangata,-46.28,169.85,34.0,79,45,17.0,NZ,1601315373
83,olovyannaya,50.95,115.57,37.06,79,0,10.38,RU,1601315373
84,ofunato,39.07,141.72,57.42,80,15,4.05,JP,1601315373
85,sioux lookout,50.1,-91.92,50.0,87,90,5.82,CA,1601315373
86,surt,31.21,16.59,79.43,76,18,14.25,LY,1601315373
87,yulara,-25.24,130.99,66.2,88,90,10.29,AU,1601315374
88,palmer,42.16,-72.33,80.01,61,75,6.93,US,1601315300
89,xining,36.62,101.77,51.87,67,98,2.91,CN,1601315374
90,chokurdakh,70.63,147.92,41.07,70,55,6.35,RU,1601315374
91,craigieburn,-37.6,144.95,41.0,93,5,6.93,AU,1601315374
92,korla,41.76,86.15,60.94,32,34,4.68,CN,1601315216
93,puerto ayora,-0.74,-90.35,75.2,64,40,12.75,EC,1601315374
94,pacific grove,36.62,-121.92,69.8,56,1,3.56,US,1601315375
95,torbay,47.67,-52.73,69.01,88,75,24.16,CA,1601315375
96,onega,63.91,38.14,49.84,85,12,6.15,RU,1601315375
97,jalu,29.03,21.55,92.5,15,0,9.55,LY,1601315375
98,zhangye,38.93,100.45,59.22,54,12,5.5,CN,1601315375
99,salalah,17.02,54.09,80.6,78,82,8.05,OM,1601315375
100,milos,36.75,24.43,78.8,69,44,10.29,GR,1601315376
101,luena,-11.78,19.92,76.28,48,77,3.13,AO,1601315376
102,ponta delgada,37.73,-25.67,73.4,78,20,13.87,PT,1601315376
103,vestmannaeyjar,63.44,-20.27,44.6,81,75,16.11,IS,1601315090
104,barrow,71.29,-156.79,30.2,86,75,9.17,US,1601315376
105,paita,-5.09,-81.11,73.4,69,34,12.75,PE,1601315376
106,khatanga,71.97,102.5,30.65,96,100,13.8,RU,1601315376
107,port blair,11.67,92.75,79.34,84,100,16.64,IN,1601315256
108,halifax,44.65,-63.57,73.99,89,57,5.99,CA,1601315252
109,grajau,-5.82,-46.14,102.63,19,41,7.14,BR,1601315243
110,butaritari,3.07,172.79,81.55,74,91,13.67,KI,1601315377
111,san cristobal,7.77,-72.22,95.0,34,40,12.75,VE,1601315377
112,port hedland,-20.32,118.57,68.0,94,69,5.82,AU,1601315377
113,waingapu,-9.66,120.26,79.39,69,3,5.57,ID,1601315377
114,severo-kurilsk,50.68,156.12,51.17,90,99,19.91,RU,1601315187
115,haines junction,60.75,-137.51,43.11,74,88,12.95,CA,1601315378
116,santiago,-33.46,-70.65,77.0,21,40,2.24,CL,1601315378
117,kodiak,57.79,-152.41,46.4,87,90,6.93,US,1601315172
118,melo,-32.37,-54.18,64.58,60,0,15.17,UY,1601315378
119,hamilton,39.18,-84.53,73.99,78,90,5.82,US,1601315238
120,yellowknife,62.46,-114.35,48.2,93,40,9.17,CA,1601315122
121,svetlogorsk,52.63,29.73,52.61,68,52,5.61,BY,1601315379
122,kalaleh,37.38,55.49,66.2,72,40,9.17,IR,1601315379
123,pisco,-13.7,-76.22,64.99,82,90,8.05,PE,1601315379
124,cururupu,-1.83,-44.87,87.28,57,66,7.99,BR,1601315379
125,shelburne,44.08,-80.2,79.0,61,75,19.46,CA,1601315163
126,bethel,41.37,-73.41,75.0,73,75,12.75,US,1601315146
127,pindiga,9.98,10.93,73.11,89,96,4.7,NG,1601315380
128,rock springs,41.59,-109.2,46.4,31,1,4.7,US,1601315380
129,westport,41.14,-73.36,78.01,73,1,11.41,US,1601315107
130,kanniyakumari,8.08,77.57,80.29,82,94,17.43,IN,1601315381
131,guerrero negro,27.98,-114.06,82.4,45,0,10.6,MX,1601315133
132,touros,-5.2,-35.46,84.2,66,40,16.11,BR,1601315241
133,hervey bay,-25.3,152.85,60.01,81,3,3.0,AU,1601315381
134,butembo,0.15,29.28,59.22,100,100,0.94,CD,1601315381
135,provideniya,64.38,-173.3,31.86,90,14,5.3,RU,1601315382
136,carnarvon,-24.87,113.63,66.2,82,0,12.75,AU,1601315382
137,mayya,61.73,130.28,37.4,82,40,6.71,RU,1601315382
138,saint-pierre,-21.34,55.48,71.6,78,40,3.36,RE,1601315382
139,noyabrsk,63.2,75.45,35.98,84,42,8.52,RU,1601315382
140,lavrentiya,65.58,-171.0,31.77,92,4,5.93,RU,1601315383
141,kavieng,-2.57,150.8,81.27,73,92,5.64,PG,1601315383
142,gusau,12.16,6.66,84.56,55,48,6.15,NG,1601315383
143,faanui,-16.48,-151.75,77.92,81,7,18.54,PF,1601315383
144,guangzhou,23.12,113.25,79.0,83,75,4.47,CN,1601315161
145,isangel,-19.55,169.27,72.07,82,2,6.78,VU,1601315384
146,sola,-13.88,167.55,79.11,81,41,16.22,VU,1601315384
147,hirara,24.8,125.28,78.67,80,58,16.55,JP,1601315384
148,russell,32.35,-85.2,84.2,58,20,5.82,US,1601315107
149,tautira,-17.73,-149.15,77.0,83,40,4.7,PF,1601315385
150,pavlodar,52.3,76.95,41.0,86,89,6.71,KZ,1601315186
151,casper,42.87,-106.31,54.0,30,1,13.87,US,1601315285
152,vardo,70.37,31.11,48.2,93,75,14.99,NO,1601315385
153,camopi,3.17,-52.32,97.27,29,10,6.38,GF,1601315385
154,benton harbor,42.12,-86.45,57.99,82,90,11.41,US,1601315385
155,muros,42.78,-9.06,64.99,73,100,10.0,ES,1601315386
156,roald,62.58,6.13,55.4,76,40,2.24,NO,1601315386
157,cayenne,4.93,-52.33,89.6,62,20,14.99,GF,1601315208
158,sao filipe,14.9,-24.5,81.16,79,45,10.22,CV,1601315386
159,esperance,-33.87,121.9,51.8,100,75,4.7,AU,1601315248
160,bokoro,12.38,17.06,86.88,51,50,5.06,TD,1601315386
161,sturgis,41.8,-85.42,55.4,93,90,9.17,US,1601315387
162,kushima,31.46,131.23,65.37,80,98,5.17,JP,1601315387
163,imeni poliny osipenko,52.42,136.49,41.99,81,6,3.71,RU,1601315387
164,pangnirtung,66.15,-65.71,33.8,80,75,12.75,CA,1601315387
165,santo antonio do ica,-3.1,-67.94,91.11,51,61,3.56,BR,1601315387
166,sur,22.57,59.53,83.73,59,0,9.33,OM,1601315134
167,zhigansk,66.77,123.37,34.16,88,74,9.46,RU,1601315388
168,tessalit,20.2,1.01,94.87,10,26,1.12,ML,1601315388
169,airai,-8.93,125.41,59.14,77,18,2.91,TL,1601315388
170,clawson,42.53,-83.15,64.4,88,90,5.82,US,1601315106
171,alugan,12.22,125.48,77.99,87,2,3.89,PH,1601315388
172,mizan teferi,6.98,35.58,63.52,91,98,3.02,ET,1601315388
173,tura,25.52,90.22,74.01,94,20,2.21,IN,1601315389
174,kavaratti,10.57,72.64,81.34,78,81,8.95,IN,1601315389
175,chicama,-7.84,-79.15,73.8,53,30,11.21,PE,1601315259
176,dunedin,-45.87,170.5,36.0,73,44,3.0,NZ,1601315389
177,victoria,22.29,114.16,81.0,88,96,1.01,HK,1601315187
178,yekaterinogradskaya,43.76,44.23,62.6,77,90,12.62,RU,1601315389
179,quepos,9.42,-84.17,82.4,57,40,12.75,CR,1601315389
180,saint anthony,45.02,-93.22,55.99,62,90,13.87,US,1601315390
181,port lincoln,-34.73,135.87,60.28,43,100,13.15,AU,1601315182
182,scottsbluff,41.87,-103.67,57.2,35,20,14.99,US,1601315390
183,ucluelet,48.93,-125.55,63.0,87,90,3.13,CA,1601315375
184,salym,60.06,71.48,37.62,86,13,5.79,RU,1601315390
185,kiama,-34.68,150.87,55.99,84,71,3.13,AU,1601315390
186,vallenar,-28.57,-70.76,76.05,23,0,15.3,CL,1601315390
187,baft,29.23,56.61,64.15,38,89,9.26,IR,1601315391
188,pimentel,-6.84,-79.93,71.6,60,69,11.41,PE,1601315156
189,hobart,-42.88,147.33,46.99,81,90,1.12,AU,1601315095
190,olafsvik,64.89,-23.71,39.67,91,98,12.44,IS,1601315391
191,mulanur,10.77,77.72,78.04,70,49,17.38,IN,1601315391
192,tiznit,29.58,-9.5,76.3,43,7,6.15,MA,1601315391
193,rutland,43.62,-73.02,73.99,69,90,10.29,US,1601315391
194,chiang rai,19.91,99.83,78.01,100,40,3.36,TH,1601315391
195,iqaluit,63.75,-68.51,26.6,86,90,8.05,CA,1601315392
196,carballo,43.21,-8.69,60.8,77,100,6.93,ES,1601315392
197,yanam,16.73,82.22,78.94,84,22,2.04,IN,1601315393
198,hovd,48.01,91.64,39.81,68,13,0.51,MN,1601315393
199,ilulissat,69.22,-51.1,32.0,90,40,4.7,GL,1601315166
200,hay river,60.82,-115.8,57.2,50,20,14.99,CA,1601315393
201,baruun-urt,46.68,113.28,36.1,78,0,6.69,MN,1601315394
202,lebu,-37.62,-73.65,52.72,73,99,10.83,CL,1601315394
203,komsomolskiy,40.43,71.72,64.4,45,99,4.7,UZ,1601315394
204,kieta,-6.22,155.63,76.28,83,100,7.09,PG,1601315394
205,bratsk,56.13,101.61,39.0,90,31,4.47,RU,1601315394
206,imbituba,-28.24,-48.67,68.0,77,75,17.22,BR,1601315395
207,jiangyou,31.77,104.72,63.9,79,72,1.88,CN,1601315395
208,wabana,47.63,-52.95,69.01,88,75,24.16,CA,1601315396
209,geraldton,-28.77,114.6,50.0,93,40,5.82,AU,1601315198
210,okhotsk,59.38,143.3,46.99,77,99,8.55,RU,1601315396
211,alim,9.56,122.49,80.47,77,100,3.85,PH,1601315396
212,toora-khem,52.47,96.11,31.21,90,19,1.01,RU,1601315396
213,miri,4.41,114.01,77.0,100,20,2.24,MY,1601315397
214,saint-joseph,-21.37,55.62,71.6,78,40,3.36,RE,1601315397
215,khasan,42.43,130.64,59.9,79,43,2.66,RU,1601315398
216,turukhansk,65.82,87.98,31.48,96,50,10.47,RU,1601315398
217,coquimbo,-29.95,-71.34,59.0,72,75,19.46,CL,1601315166
218,rawson,-43.3,-65.1,68.43,25,32,17.63,AR,1601315398
219,warman,52.32,-106.57,53.01,66,75,10.29,CA,1601315126
220,codrington,-38.27,141.97,40.17,93,69,9.46,AU,1601315398
221,corinto,37.94,22.96,73.99,64,78,3.0,GR,1601315398
222,manicore,-5.81,-61.3,97.16,33,85,3.85,BR,1601315399
223,kerman,30.28,57.08,71.6,19,40,11.41,IR,1601315399
224,altamont,42.21,-121.74,66.99,33,1,6.93,US,1601315400
225,kamenka,51.32,42.77,53.64,41,50,11.12,RU,1601315400
226,dhandhuka,22.37,71.98,83.46,65,34,5.44,IN,1601315400
227,caxias do sul,-29.17,-51.18,68.0,68,33,11.99,BR,1601315400
228,huancavelica,-12.77,-74.98,49.57,54,56,6.58,PE,1601315401
229,east london,-33.02,27.91,59.0,67,18,3.36,ZA,1601315401
230,murdochville,48.96,-65.5,64.98,83,97,10.27,CA,1601315402
231,kang,-23.68,22.79,64.51,21,0,10.04,BW,1601315402
232,lima,-12.04,-77.03,64.99,72,90,6.93,PE,1601315403
233,muroto,33.28,134.15,69.48,77,97,12.5,JP,1601315403
234,padang,-0.95,100.35,77.68,79,98,4.16,ID,1601315404
235,misratah,32.38,15.09,78.19,76,46,19.82,LY,1601315405
236,hokitika,-42.72,170.97,41.25,68,100,25.41,NZ,1601315406
237,port alfred,-33.59,26.89,56.14,62,0,5.12,ZA,1601315406
238,qobustan,40.08,49.41,59.0,54,39,6.93,AZ,1601315407
239,leh,34.17,77.58,45.84,41,0,3.65,IN,1601315407
240,houma,29.6,-90.72,93.0,66,40,6.93,US,1601315407
241,marystown,47.17,-55.15,68.0,100,64,5.01,CA,1601315408
242,hambantota,6.12,81.12,81.1,80,66,16.46,LK,1601315409
243,inuvik,68.35,-133.72,35.6,100,90,9.17,CA,1601315173
244,helong,42.54,129.0,53.58,78,62,6.42,CN,1601315409
245,nouadhibou,20.93,-17.03,77.0,69,0,24.16,MR,1601315410
246,fortuna,40.6,-124.16,75.2,33,40,8.05,US,1601315410
247,nizhniy kuranakh,58.84,125.49,37.85,88,100,6.96,RU,1601315410
248,portland,45.52,-122.68,72.0,67,1,4.7,US,1601315313
249,umm kaddadah,13.6,26.69,94.66,24,6,10.11,SD,1601315410
250,independencia,-5.4,-40.31,100.02,22,29,9.64,BR,1601315411
251,havoysund,71.0,24.66,50.0,87,100,1.12,NO,1601315411
252,kingston,18.0,-76.79,87.8,66,20,13.87,JM,1601315112
253,port-cartier,50.03,-66.87,61.0,87,75,8.05,CA,1601315411
254,oum hadjer,13.3,19.7,89.13,46,47,4.43,TD,1601315411
255,uribia,11.71,-72.27,91.22,51,55,7.67,CO,1601315412
256,boa vista,2.82,-60.67,95.0,41,75,6.93,BR,1601315412
257,boundiali,9.52,-6.49,80.47,72,23,3.36,CI,1601315412
258,milton,34.13,-84.3,82.0,69,34,1.01,US,1601315412
259,clyde river,70.47,-68.59,30.2,86,75,18.34,CA,1601315412
260,hohhot,40.81,111.65,50.0,81,40,6.71,CN,1601315413
261,chengde,40.97,117.94,53.26,90,100,2.26,CN,1601315413
262,hobyo,5.35,48.53,77.54,86,19,16.84,SO,1601315413
263,tual,-5.67,132.75,80.49,81,100,12.59,ID,1601315413
264,camana,-16.62,-72.71,66.51,65,15,9.89,PE,1601315413
265,nalut,30.33,10.85,87.44,16,78,9.46,LY,1601315414
266,cockburn town,21.46,-71.14,84.18,71,9,9.57,TC,1601315414
267,manzhouli,49.6,117.43,38.52,75,0,16.33,CN,1601315414
268,dingle,11.0,122.67,76.93,88,89,2.17,PH,1601315414
269,maningrida,-12.07,134.27,72.45,80,9,4.94,AU,1601315414
270,avera,33.19,-82.53,79.0,67,90,4.7,US,1601315414
271,grand gaube,-20.01,57.66,73.0,76,23,5.99,MU,1601315415
272,chara,56.91,118.26,35.1,84,35,3.91,RU,1601315415
273,teknaf,20.86,92.31,80.94,90,100,4.59,BD,1601315415
274,mpika,-11.83,31.45,73.67,25,4,9.33,ZM,1601315415
275,saint george,37.1,-113.58,75.99,18,1,11.41,US,1601315302
276,hami,42.8,93.45,64.31,26,100,4.5,CN,1601315415
277,velika gorica,45.71,16.08,57.0,76,74,4.7,HR,1601315240
278,harper,4.38,-7.72,78.49,87,73,8.32,LR,1601315416
279,northam,51.03,-4.22,61.0,98,100,5.01,GB,1601315416
280,mahebourg,-20.41,57.7,73.4,83,75,6.93,MU,1601315416
281,vila,42.03,-8.16,66.99,62,100,1.99,PT,1601315195
282,ugoofaaru,5.67,73.0,82.74,75,72,6.02,MV,1601315416
283,springfield,37.22,-93.3,64.99,59,40,17.22,US,1601315417
284,putina,-15.47,-69.43,53.2,51,27,11.1,PE,1601315417
285,tateyama,34.98,139.87,70.0,77,75,13.87,JP,1601315417
286,carutapera,-1.2,-46.02,85.89,58,11,10.8,BR,1601315417
287,acarau,-2.89,-40.12,86.0,63,9,20.69,BR,1601315417
288,ferme-neuve,46.7,-75.45,74.43,69,62,9.48,CA,1601315417
289,alamosa,37.47,-105.87,48.2,39,1,3.36,US,1601315417
290,monrovia,6.3,-10.8,84.2,79,75,10.29,LR,1601315418
291,belaya gora,68.53,146.42,40.44,78,0,4.47,RU,1601315418
292,peace river,56.25,-117.29,59.0,51,90,25.28,CA,1601315418
293,arrecife,28.96,-13.55,77.0,65,20,25.28,ES,1601315418
294,talavera de la reina,39.96,-4.83,68.25,36,58,1.23,ES,1601315418
295,tasiilaq,65.61,-37.64,35.6,80,100,16.11,GL,1601315418
296,thompson,55.74,-97.86,41.0,86,90,2.24,CA,1601315418
297,bestobe,52.5,73.1,49.75,82,95,10.92,KZ,1601315419
298,risti,59.0,24.06,59.0,67,100,6.93,EE,1601315419
299,andra,62.51,65.89,37.13,80,44,1.9,RU,1601315419
300,fare,-16.7,-151.02,78.48,80,13,19.13,PF,1601315419
301,flinders,-34.58,150.86,55.99,80,75,1.01,AU,1601315419
302,nantucket,41.28,-70.1,71.6,94,90,12.75,US,1601315126
303,port elizabeth,-33.92,25.57,57.2,67,0,10.29,ZA,1601315419
304,la rioja,42.25,-2.5,62.6,51,0,3.36,ES,1601315420
305,havre-saint-pierre,50.23,-63.6,66.2,77,40,12.75,CA,1601315150
306,bayir,37.27,28.22,78.8,54,36,1.12,TR,1601315420
307,moose factory,51.26,-80.61,57.2,82,1,3.36,CA,1601315420
308,hyderabad,17.38,78.47,77.0,83,75,3.36,IN,1601315410
309,kosa,59.94,55.0,48.34,91,85,2.33,RU,1601315421
310,kingaroy,-26.53,151.83,55.4,82,75,4.7,AU,1601315421
311,talnakh,69.49,88.4,32.0,95,75,11.18,RU,1601315218
312,katrineholm,59.0,16.21,57.2,93,12,6.93,SE,1601315421
313,nizwa,22.93,57.53,86.13,17,12,4.23,OM,1601315183
314,verkhoyansk,67.54,133.38,35.02,83,17,6.49,RU,1601315421
315,rudnogorsk,57.26,103.75,38.28,82,72,8.08,RU,1601315422
316,grindavik,63.84,-22.43,44.6,75,75,8.05,IS,1601315422
317,kibala,9.11,18.35,75.2,88,40,0.4,TD,1601315422
318,poum,-20.23,164.02,72.3,88,97,19.06,NC,1601315423
319,raglan,-37.8,174.88,54.0,85,87,15.01,NZ,1601315423
320,bafia,4.75,11.23,71.49,94,100,9.19,CM,1601315423
321,qeshm,26.96,56.27,87.8,70,40,4.7,IR,1601315423
322,san bartolome,27.92,-15.57,77.0,57,75,23.04,ES,1601315424
323,eltham,-39.43,174.3,44.01,86,78,13.0,NZ,1601315424
324,kuruman,-27.45,23.43,59.0,14,0,13.35,ZA,1601315424
325,krasnovishersk,60.41,57.08,48.16,91,82,2.39,RU,1601315425
326,luderitz,-26.65,15.16,59.68,53,4,27.0,NA,1601315425
327,moindou,-21.69,165.68,64.4,100,100,13.87,NC,1601315425
328,lompoc,34.64,-120.46,64.4,82,90,3.36,US,1601315425
329,kjopsvik,68.1,16.37,55.99,76,59,14.99,NO,1601315425
330,gualeguay,-33.14,-59.31,71.55,38,0,6.38,AR,1601315426
331,shimoda,34.67,138.95,62.01,84,42,1.01,JP,1601315426
332,saldanha,-33.01,17.94,57.2,71,0,10.29,ZA,1601315426
333,ilhabela,-23.78,-45.36,77.38,77,96,2.51,BR,1601315389
334,mae sot,16.72,98.57,74.01,93,100,1.5,TH,1601315427
335,mastic beach,40.77,-72.85,73.99,73,75,10.29,US,1601315319
336,souillac,-20.52,57.52,73.4,83,75,6.93,MU,1601315427
337,cidreira,-30.18,-50.21,66.63,61,48,12.35,BR,1601315427
338,tuy hoa,13.08,109.3,78.22,89,100,6.71,VN,1601315427
339,burns lake,54.23,-125.75,48.56,86,79,4.47,CA,1601315427
340,sarangani,5.4,125.46,84.36,68,90,4.29,PH,1601315427
341,makakilo city,21.35,-158.09,75.2,83,20,3.36,US,1601315374
342,luang prabang,19.89,102.13,74.82,86,100,1.5,LA,1601315343
343,moissala,8.34,17.77,74.64,93,94,0.29,TD,1601315428
344,alekseyevka,50.63,38.69,61.63,38,61,12.84,RU,1601315429
345,santa maria do suacui,-18.19,-42.41,97.14,16,0,6.87,BR,1601315429
346,hidrolandia,-4.41,-40.44,103.28,18,2,8.95,BR,1601315430
347,agirish,61.92,63.02,37.42,77,85,3.24,RU,1601315430
348,pahrump,36.21,-115.98,84.99,17,0,4.0,US,1601315430
349,cabo san lucas,22.89,-109.91,91.99,66,5,4.7,MX,1601315185
350,qujing,25.48,103.78,62.06,93,50,4.61,CN,1601315431
351,bengkulu,-3.8,102.27,76.35,90,59,10.09,ID,1601315431
352,hondo,32.45,130.2,69.64,70,16,3.69,JP,1601315431
353,buritis,-15.62,-46.42,101.3,11,27,6.6,BR,1601315431
354,avarua,-21.21,-159.78,71.6,78,87,5.82,CK,1601315431
355,havelock,34.88,-76.9,84.0,57,20,3.36,US,1601315432
356,barstow,34.9,-117.02,86.0,13,1,4.7,US,1601315432
357,longyearbyen,78.22,15.64,39.2,86,75,8.05,SJ,1601315432
358,henties bay,-22.12,14.28,57.99,79,0,9.71,NA,1601315432
359,asau,46.43,26.4,59.0,88,88,2.08,RO,1601315432
360,bilibino,68.05,166.44,30.83,93,80,1.12,RU,1601315432
361,damietta,31.42,31.81,82.4,74,0,9.17,EG,1601315433
362,gamba,-2.65,10.0,76.01,76,58,6.44,GA,1601315433
363,sao felix do xingu,-6.64,-51.99,97.05,31,14,3.83,BR,1601315433
364,sechura,-5.56,-80.82,73.29,56,50,16.02,PE,1601315433
365,mount isa,-20.73,139.5,59.0,30,0,3.36,AU,1601315204
366,porirua,-41.13,174.85,46.0,82,65,5.01,NZ,1601315433
367,shemonaikha,50.63,81.91,40.15,86,17,4.0,KZ,1601315433
368,aksu,41.12,80.26,60.89,32,24,6.49,CN,1601315434
369,rognan,67.1,15.39,57.99,67,54,21.92,NO,1601315434
370,sabang,5.89,95.32,82.45,77,100,16.89,ID,1601315434
371,lithakia,37.72,20.83,77.0,78,40,8.81,GR,1601315434
372,drochtersen,53.71,9.38,55.4,87,94,2.24,DE,1601315434
373,vanavara,60.34,102.28,39.25,89,100,10.33,RU,1601315435
374,ariquemes,-9.91,-63.04,94.89,38,40,3.09,BR,1601315335
375,vila velha,-20.33,-40.29,84.2,70,0,18.34,BR,1601315271
376,yarmouth,41.71,-70.23,75.0,100,90,9.17,US,1601315435
377,phalaborwa,-23.94,31.14,69.13,69,20,9.73,ZA,1601315435
378,estacion coahuila,32.19,-115.0,93.0,40,5,7.36,MX,1601315435
379,hearst,49.68,-83.67,61.27,69,100,1.45,CA,1601315435
380,buala,-8.14,159.59,79.5,79,100,7.25,SB,1601315436
381,krasnoselkup,65.7,82.47,32.94,94,19,9.82,RU,1601315436
382,hualmay,-11.1,-77.61,68.22,64,45,9.66,PE,1601315436
383,salisbury,51.07,-1.8,62.01,87,90,9.17,GB,1601315367
384,mutis,6.23,-77.4,80.89,77,85,5.32,CO,1601315436
385,norman wells,65.28,-126.83,41.0,100,90,13.87,CA,1601315437
386,methoni,36.82,21.7,78.01,88,40,8.77,GR,1601315437
387,conceicao da barra,-18.59,-39.73,81.91,61,0,13.56,BR,1601315437
388,salinopolis,-0.61,-47.36,83.84,64,50,13.13,BR,1601315437
389,doraha,30.82,76.02,74.97,29,0,2.95,IN,1601315437
390,ribeira brava,32.65,-17.07,73.99,69,40,12.75,PT,1601315437
391,magan,39.97,-3.93,72.0,22,30,2.59,ES,1601315438
392,stepnoye,51.4,46.87,60.01,5,87,4.0,RU,1601315438
393,villa sandino,12.05,-84.99,89.6,55,40,4.7,NI,1601315438
394,constitucion,-35.33,-72.42,60.1,58,100,14.92,CL,1601315438
395,hongjiang,27.11,110.0,65.77,90,98,1.05,CN,1601315439
396,mwanza,-2.52,32.9,76.14,63,100,3.85,TZ,1601315439
397,montepuez,-13.13,39.0,73.87,62,43,11.54,MZ,1601315439
398,srednekolymsk,67.45,153.68,42.53,64,93,4.36,RU,1601315439
399,ternate,0.8,127.4,79.81,79,14,1.28,ID,1601315439
400,poole,50.72,-2.0,63.0,82,75,8.05,GB,1601315439
401,masterton,-40.96,175.66,45.0,84,51,4.0,NZ,1601315440
402,bani,18.28,-70.33,86.0,79,75,13.87,DO,1601315440
403,beloha,-25.17,45.05,71.58,75,1,4.68,MG,1601315440
404,kedrovyy,56.17,91.82,42.8,75,15,8.95,RU,1601315440
405,uyuni,-20.46,-66.83,63.19,29,24,21.05,BO,1601315195
406,alvarado,18.77,-95.77,89.01,66,40,4.7,MX,1601315440
407,birjand,32.87,59.22,66.2,16,20,9.17,IR,1601315441
408,zhanaozen,43.3,52.8,56.66,36,0,8.63,KZ,1601315441
409,camacha,33.08,-16.33,69.8,77,40,12.75,PT,1601315441
410,tres arroyos,-38.37,-60.28,67.82,35,0,8.46,AR,1601315441
411,at-bashi,41.17,75.81,46.71,48,100,1.79,KG,1601315441
412,leningradskiy,69.38,178.42,31.14,91,90,4.54,RU,1601315442
413,sawakin,19.11,37.33,88.36,57,0,6.91,SD,1601315442
414,narsaq,60.92,-46.05,41.0,35,5,5.82,GL,1601315442
415,camacupa,-12.02,17.48,78.12,34,99,4.14,AO,1601315442
416,kuantan,3.81,103.33,80.6,88,20,2.24,MY,1601315443
417,ukiah,39.15,-123.21,86.0,32,40,1.01,US,1601315443
418,saint-augustin,51.23,-58.65,73.29,63,70,18.34,CA,1601315443
419,faya,18.39,42.45,80.6,8,15,6.93,SA,1601315443
420,jiazi,22.88,116.07,76.89,87,100,9.8,CN,1601315444
421,sardulgarh,29.7,75.25,80.64,25,0,4.83,IN,1601315444
422,ouesso,1.61,16.05,71.08,96,100,3.91,CG,1601315444
423,dnestrovsc,46.62,29.91,64.4,72,84,7.25,MD,1601315444
424,bathsheba,13.22,-59.52,84.2,74,75,13.87,BB,1601315444
425,taksimo,56.34,114.88,35.8,84,84,2.73,RU,1601315444
426,sao jose da coroa grande,-8.9,-35.15,79.99,74,6,11.63,BR,1601315444
427,rocha,-34.48,-54.33,60.71,61,9,14.72,UY,1601315445
428,itaituba,-4.28,-55.98,91.4,55,20,4.83,BR,1601315445
429,mionica,44.87,18.46,59.0,77,75,2.24,BA,1601315445
430,maniitsoq,65.42,-52.9,32.83,84,51,1.61,GL,1601315445
431,kikwit,-5.04,18.82,76.41,76,62,4.41,CD,1601315445
432,vardablur,40.97,44.51,59.0,58,20,9.17,AM,1601315445
433,klaksvik,62.23,-6.59,50.0,87,82,12.75,FO,1601315446
434,pocerski pricinovic,44.72,19.71,62.01,82,98,3.36,RS,1601315446
435,pacifica,37.61,-122.49,84.2,82,1,9.17,US,1601315162
436,mizdah,31.45,12.98,82.09,35,13,12.73,LY,1601315446
437,digha,21.68,87.55,82.49,83,18,3.83,IN,1601315446
438,majene,-3.54,118.97,78.15,82,83,7.92,ID,1601315198
439,saint-francois,46.42,3.91,51.01,100,90,5.82,FR,1601315446
440,berbera,10.44,45.01,88.36,70,49,8.97,SO,1601315446
441,cherskiy,68.75,161.3,40.87,69,93,15.64,RU,1601315447
442,mansa,29.98,75.38,76.96,27,0,3.27,IN,1601315447
443,pouebo,-20.4,164.57,70.72,89,92,7.83,NC,1601315447
444,bud,39.45,-86.18,55.4,93,90,5.82,US,1601315447
445,aswan,24.09,32.91,94.91,12,0,11.18,EG,1601315447
446,along,28.17,94.77,70.11,88,5,1.57,IN,1601315447
447,sorong,-0.88,131.25,77.04,86,75,7.94,ID,1601315447
448,naze,28.37,129.48,73.4,88,75,5.82,JP,1601315179
449,katherine,-14.47,132.27,82.4,28,40,5.82,AU,1601315448
450,inhambane,-23.86,35.38,77.0,88,40,6.93,MZ,1601315448
451,husavik,66.04,-17.34,44.6,56,20,5.82,IS,1601315448
452,guilin,25.28,110.29,69.8,100,90,2.24,CN,1601315448
453,rosetta,31.4,30.42,84.2,58,0,8.05,EG,1601315448
454,samarai,-10.62,150.67,78.58,84,100,16.4,PG,1601315448
455,port hardy,50.7,-127.42,57.2,82,75,10.29,CA,1601315448
456,horn,51.87,8.95,55.99,87,82,1.01,DE,1601315449
457,bowen,-20.02,148.23,68.0,72,96,3.36,AU,1601315209
458,nuevo progreso,23.17,-97.95,90.0,55,1,3.0,MX,1601315449
459,ban tak,17.04,99.08,76.23,88,100,1.7,TH,1601315449
460,lawrenceburg,38.04,-84.9,71.6,78,90,16.11,US,1601315449
461,thinadhoo,0.53,72.93,83.39,73,94,9.69,MV,1601315449
462,bandrele,-12.91,45.19,77.0,78,42,3.36,YT,1601315449
463,manggar,-2.88,108.27,81.55,77,61,12.88,ID,1601315449
464,te anau,-45.42,167.72,28.33,94,74,3.42,NZ,1601315450
465,wanning,18.8,110.4,80.49,85,100,3.06,CN,1601315450
466,christchurch,-43.53,172.63,35.6,69,86,5.82,NZ,1601315389
467,milkovo,54.72,158.62,37.62,91,100,8.03,RU,1601315450
468,chippewa falls,44.94,-91.39,55.99,76,90,10.29,US,1601315409
469,shache,38.42,77.24,59.52,34,86,5.99,CN,1601315450
470,vostok,46.49,135.88,46.02,100,100,5.46,RU,1601315450
471,turayf,31.67,38.66,84.2,23,0,9.17,SA,1601315450
472,bondo,3.81,23.69,71.65,93,95,2.42,CD,1601315451
473,evensk,61.95,159.23,43.5,88,98,6.35,RU,1601315451
474,sabinopolis,-18.67,-43.08,94.98,19,0,3.74,BR,1601315451
475,sorkjosen,69.8,20.93,51.8,76,40,14.99,NO,1601315451
476,dingli,35.86,14.38,73.0,68,20,4.7,MT,1601315451
477,magdagachi,53.45,125.8,38.62,80,53,6.62,RU,1601315451
478,pindi gheb,33.24,72.27,73.4,56,40,18.34,PK,1601315451
479,gambo,4.65,22.26,69.46,97,100,2.98,CF,1601315452
480,craig,40.52,-107.55,48.2,31,1,4.7,US,1601315452
481,najran,17.49,44.13,84.2,14,96,6.93,SA,1601315452
482,alofi,-19.06,-169.92,73.4,100,25,8.05,NU,1601315452
483,bam,29.11,58.36,77.72,18,8,11.03,IR,1601315453
484,sao francisco,-15.95,-44.86,103.64,10,10,3.83,BR,1601315386
485,veraval,20.9,70.37,79.84,76,4,8.9,IN,1601315258
486,tocopilla,-22.09,-70.2,66.83,50,20,7.31,CL,1601315453
487,dalbandin,28.89,64.41,73.9,19,9,2.33,PK,1601315453
488,alice springs,-23.7,133.88,78.8,11,20,16.11,AU,1601315453
489,banda aceh,5.56,95.32,80.31,76,100,11.21,ID,1601315453
490,bonavista,48.65,-53.11,62.91,82,67,18.03,CA,1601315454
491,mumbwa,-14.98,27.06,79.29,20,38,3.87,ZM,1601315455
492,elbistan,38.21,37.2,65.95,33,0,6.73,TR,1601315455
493,yar-sale,66.83,70.83,37.85,78,70,8.19,RU,1601315455
494,sinnamary,5.38,-52.95,85.39,64,17,13.98,GF,1601315456
495,deputatskiy,69.3,139.9,32.25,97,80,2.57,RU,1601315456
496,port keats,-14.25,129.55,80.78,79,89,5.86,AU,1601315456
497,shubarshi,48.59,57.19,55.4,42,5,4.23,KZ,1601315456
498,omboue,-1.57,9.26,75.67,71,71,6.98,GA,1601315456
499,puerto baquerizo moreno,-0.9,-89.6,73.4,73,75,18.34,EC,1601315457
500,ixtapa,20.7,-105.2,86.0,79,90,4.7,MX,1601315457
501,ewa beach,21.32,-158.01,75.2,83,20,3.36,US,1601315457
502,manyana,-23.4,21.72,63.86,22,0,11.56,BW,1601315458
503,crotone,39.09,17.12,68.0,52,20,21.92,IT,1601315458
504,namibe,-15.2,12.15,68.0,82,84,12.75,AO,1601315458
505,omsukchan,62.53,155.8,33.89,91,69,8.3,RU,1601315458
506,mouzouras,35.53,24.15,80.6,65,20,10.04,GR,1601315459
507,banjarmasin,-3.32,114.59,75.2,100,86,4.7,ID,1601315459
508,hemet,33.75,-116.97,90.0,29,0,2.37,US,1601315217
509,moroni,-11.7,43.26,76.06,76,18,2.84,KM,1601315171
510,price,39.6,-110.81,57.2,22,1,10.29,US,1601315459
511,abu kamal,34.45,40.92,86.61,23,0,12.59,SY,1601315459
512,kodinsk,58.69,99.18,42.15,83,88,6.17,RU,1601315459
513,melfort,52.87,-104.62,50.0,76,20,10.29,CA,1601315459
514,san jose,37.34,-121.89,87.01,33,0,2.93,US,1601315307
515,ostrovnoy,68.05,39.51,50.22,87,98,14.81,RU,1601315460
516,lasa,46.62,10.7,44.6,70,75,3.36,IT,1601315460
517,oussouye,12.48,-16.55,89.6,70,20,4.7,SN,1601315460
518,wewak,-3.55,143.63,77.63,85,98,10.92,PG,1601315460
519,kununurra,-15.77,128.73,75.2,73,40,3.36,AU,1601315460
520,puerto palomas,31.77,-107.62,66.2,29,1,13.87,MX,1601315461
521,cienaga,11.01,-74.25,89.6,79,20,10.29,CO,1601315297
522,kollam,8.88,76.6,82.4,94,20,2.24,IN,1601315461
523,lorengau,-2.02,147.27,80.15,80,99,8.39,PG,1601315461
524,sitka,57.05,-135.33,53.6,76,75,8.05,US,1601315275
525,soma,39.19,27.61,84.2,37,75,2.24,TR,1601315461
526,san rafael,-34.62,-68.33,76.59,18,24,22.77,AR,1601315462
527,eureka,40.8,-124.16,80.6,28,75,4.7,US,1601315227
528,wanaka,-44.7,169.15,25.39,87,33,10.33,NZ,1601315462
529,kousseri,12.08,15.03,86.0,70,20,3.36,CM,1601315463
530,pudozh,61.81,36.53,49.98,83,2,5.06,RU,1601315463
531,fort nelson,58.81,-122.7,42.8,87,40,6.93,CA,1601315460
532,anadyr,64.75,177.48,39.2,80,75,12.24,RU,1601315463
533,flin flon,54.77,-101.86,44.6,87,90,8.05,CA,1601315464
534,santa maria,-29.68,-53.81,68.0,56,40,8.05,BR,1601315464
535,ochamchira,42.71,41.47,70.54,78,0,3.76,GE,1601315464
536,sarakhs,36.54,61.16,53.6,81,90,4.7,IR,1601315464
537,tiksi,71.69,128.87,32.31,92,93,17.47,RU,1601315465
538,mount gambier,-37.83,140.77,42.8,93,100,8.05,AU,1601315465
539,acari,-15.43,-74.62,78.12,39,27,11.03,PE,1601315465
540,riyadh,24.69,46.72,91.4,19,0,6.93,SA,1601315437
541,todos santos,23.45,-110.22,84.99,55,0,5.01,MX,1601315465
542,tottori,35.5,134.23,60.91,83,92,4.27,JP,1601315214
543,boulder,40.08,-105.35,60.8,26,1,6.93,US,1601315225
544,rio tercero,-32.17,-64.11,78.4,18,0,12.71,AR,1601315466
545,solnechnyy,50.72,136.63,46.87,78,97,3.83,RU,1601315466
546,lukulu,-14.37,23.24,81.86,22,44,2.77,ZM,1601315466
547,silvan,38.14,41.01,69.8,35,0,6.93,TR,1601315466
548,la cruz,23.92,-106.9,91.0,75,42,3.0,MX,1601315466
549,weiser,44.25,-116.97,64.0,41,1,3.51,US,1601315306
550,sisimiut,66.94,-53.67,33.26,87,88,1.23,GL,1601315467
551,margate,51.38,1.39,57.99,52,63,9.13,GB,1601315467
552,xuddur,4.12,43.89,79.7,61,62,15.32,SO,1601315467
553,hua hin,12.57,99.96,77.02,87,100,10.74,TH,1601315468
554,magadan,59.57,150.8,41.45,86,59,2.98,RU,1601315468
555,lagoa,39.05,-27.98,68.65,88,96,20.04,PT,1601315468
556,aloleng,16.13,119.78,82.99,75,100,4.65,PH,1601315468
557,sao jose do calcado,-21.03,-41.65,96.37,29,25,4.23,BR,1601315469
558,ahuimanu,21.44,-157.84,78.8,78,75,12.75,US,1601315183
559,abatskoye,56.29,70.46,53.06,92,92,11.59,RU,1601315469
560,maneadero,31.72,-116.57,86.0,29,0,1.99,MX,1601315470
561,sayat,38.78,63.88,62.6,21,75,9.17,TM,1601315470
562,alhama de murcia,37.85,-1.43,77.0,44,2,5.82,ES,1601315470
563,general roca,-39.03,-67.58,68.0,24,15,6.93,AR,1601315471
564,laguna,38.42,-121.42,84.99,19,1,11.41,US,1601315471
565,qaqortoq,60.72,-46.03,41.0,35,5,5.82,GL,1601315472
566,nelson bay,-32.72,152.15,44.01,93,0,2.73,AU,1601315472
567,qui nhon,13.77,109.23,79.09,86,99,6.17,VN,1601315400
568,ust-kuyga,70.02,135.6,32.11,97,75,2.35,RU,1601315472
569,la ronge,55.1,-105.28,50.0,81,90,11.41,CA,1601315359
570,novaya ladoga,60.1,32.3,50.0,84,22,8.28,RU,1601315472
571,santa cruz,-17.8,-63.17,80.6,28,40,16.11,BO,1601315232
572,bara,10.37,10.73,76.75,80,88,4.79,NG,1601315473
573,yaan,7.38,8.57,76.23,90,88,3.58,NG,1601315473
574,shenjiamen,29.96,122.3,70.29,71,79,9.15,CN,1601315473
